{
  "MANUFACTURER": "Google",
  "MODEL": "Pixel 9",
  "FINGERPRINT": "google/tokay_beta/tokay:16/BP22.250221.010/13193326:user/release-keys",
  "BRAND": "google",
  "PRODUCT": "tokay_beta",
  "DEVICE": "tokay",
  "RELEASE": "16",
  "ID": "BP22.250221.010",
  "INCREMENTAL": "13193326",
  "TYPE": "user",
  "TAGS": "release-keys",
  "SECURITY_PATCH": "2025-03-05",
  "DEVICE_INITIAL_SDK_INT": "32",
  "*.build.id": "BP22.250221.010",
  "*.security_patch": "2025-03-05",
  "*api_level": "32",
  "spoofBuild": "1",
  "spoofProps": "0",
  "spoofProvider": "0",
  "spoofSignature": "0",
  "verboseLogs": "0"
}